Built,n,prop
3.4.0,85,0.3811659192825112
3.4.1,25,0.11210762331838565
3.4.2,30,0.13452914798206278
3.4.3,83,0.3721973094170404
